Username,Password,Fullname
User1,Pass1,First Last
User2,Pass2,First Last
User3,Pass3,First Last
User4,Pass4,First Last
User5,Pass5,First Last
User6,Pass6,First Last
User7,Pass7,First Last
User8,Pass8,First Last
User9,Pass9,First Last
User10,Pass10,First Last
User11,Pass11,First Last
User12,Pass12,First Last
User13,Pass13,First Last
User14,Pass14,First Last
User15,Pass15,First Last
User16,Pass16,First Last
User17,Pass17,First Last
User18,Pass18,First Last
User19,Pass19,First Last
User20,Pass20,First Last
User21,Pass21,First Last
User22,Pass22,First Last
User23,Pass23,First Last
User24,Pass24,First Last
User25,Pass25,First Last
User26,Pass26,First Last
User27,Pass27,First Last
User28,Pass28,First Last
User29,Pass29,First Last
User30,Pass30,First Last
User31,Pass31,First Last
User32,Pass32,First Last
User33,Pass33,First Last
User34,Pass34,First Last
User35,Pass35,First Last
User36,Pass36,First Last
User37,Pass37,First Last
User38,Pass38,First Last
User39,Pass39,First Last
User40,Pass40,First Last
User41,Pass41,First Last
User42,Pass42,First Last
User43,Pass43,First Last
User44,Pass44,First Last
User45,Pass45,First Last
User46,Pass46,First Last
User47,Pass47,First Last
User48,Pass48,First Last
User49,Pass49,First Last
User50,Pass50,First Last
User51,Pass51,First Last
User52,Pass52,First Last
User53,Pass53,First Last
User54,Pass54,First Last
User55,Pass55,First Last
User56,Pass56,First Last
User57,Pass57,First Last
User58,Pass58,First Last
User59,Pass59,First Last
User60,Pass60,First Last
User61,Pass61,First Last
User62,Pass62,First Last
User63,Pass63,First Last
User64,Pass64,First Last
User65,Pass65,First Last
User66,Pass66,First Last
User67,Pass67,First Last
User68,Pass68,First Last
User69,Pass69,First Last
User70,Pass70,First Last
User71,Pass71,First Last
User72,Pass72,First Last
User73,Pass73,First Last
User74,Pass74,First Last
User75,Pass75,First Last
User76,Pass76,First Last
User77,Pass77,First Last
User78,Pass78,First Last
User79,Pass79,First Last
User80,Pass80,First Last
User81,Pass81,First Last
User82,Pass82,First Last
User83,Pass83,First Last
User84,Pass84,First Last
User85,Pass85,First Last
User86,Pass86,First Last
User87,Pass87,First Last
User88,Pass88,First Last
User89,Pass89,First Last
User90,Pass90,First Last
User91,Pass91,First Last
User92,Pass92,First Last
User93,Pass93,First Last
User94,Pass94,First Last
User95,Pass95,First Last
Rnijjar,1234,Rohit Nijjar
Mtan,4321,Mc Tan
Kgapi,1111,Kevin Gapi
Lbor,2222,Lois Borrega
Adizon,3333,Almer Dizon
Bits,4444,Ronald Magbitang
diegoxxx69,1234,Diego Rubia
